,0
0,"b'{""d"":[{""i"":{""height"":4096,""imageUrl"":""https://m.media-amazon.com/images/M/MV5BOTJjM2U5NWYtNmMzYy00NDA0LTk4ZGYtMmMxM2YxNDEyN2UwXk'"
1,"b'EyXkFqcGdeQXVyMTEzMTI1Mjk3._V1_.jpg"",""width"":3248},""id"":""tt12729982"",""l"":""2022 FIFA World Cup Qatar"",""q"":""TV mini-series"",""qid"":'"
2,"b'""tvMiniSeries"",""rank"":4637,""s"":""United States National Football Team, Netherlands National Football Team"",""y"":2022,""yr"":""2022-20'"
3,"b'22""},{""i"":{""height"":910,""imageUrl"":""https://m.media-amazon.com/images/M/MV5BM2M1ZGMyMzAtMjAxMC00NDNiLWIzM2ItNTE0NjIzYzc5MzYyXkEy'"
4,"b'XkFqcGdeQXVyMTEwMTY3NDI@._V1_.jpg"",""width"":650},""id"":""tt10399674"",""l"":""Erotica 2022"",""q"":""feature"",""qid"":""movie"",""rank"":5865,""s""'"
5,"b':""Agata Buzek, Andrzej Konopka"",""y"":2020},{""i"":{""height"":1600,""imageUrl"":""https://m.media-amazon.com/images/M/MV5BOWRhMWQ2MzctOW'"
6,"b'RlMy00MDhjLTlkNmQtNzQyMzBjM2M1YzY0XkEyXkFqcGdeQXVyMjM4MTU4NjQ@._V1_.jpg"",""width"":1153},""id"":""tt14045614"",""l"":""Croc! (2022)"",""q"":'"
7,"b'""feature"",""qid"":""movie"",""rank"":15457,""s"":""Sian Altman, Mark Haldor"",""y"":2022},{""i"":{""height"":2264,""imageUrl"":""https://m.media-am'"
8,"b'azon.com/images/M/MV5BYTVjNDM2MWUtNzUzOS00YTUzLTkyMmItMDlmMTJhOTgzMjc2XkEyXkFqcGdeQXVyMTk2MDk2NTE@._V1_.jpg"",""width"":1530},""id"":'"
9,"b'""tt15087414"",""l"":""Gaslight 2022"",""q"":""feature"",""qid"":""movie"",""rank"":23587,""s"":""Kenny \'Kas\' Flanagan, Christopher Bair"",""y"":2022}'"
10,"b',{""i"":{""height"":480,""imageUrl"":""https://m.media-amazon.com/images/M/MV5BYTk5ZmU4NDUtZjY5Ni00N2NkLThkNjYtYmUzYTFmMThlODMyXkEyXkFq'"
11,"b'cGdeQXVyMTEwMTQ2NzAx._V1_.jpg"",""width"":480},""id"":""tt20121484"",""l"":""Finding Happy (2022"",""q"":""TV series"",""qid"":""tvSeries"",""rank"":'"
12,"b'21353,""s"":""B. Simone, Marketta Patrice""},{""i"":{""height"":443,""imageUrl"":""https://m.media-amazon.com/images/M/MV5BMTk2MDU3NDctYzY1'"
13,"b'Yy00YjkzLTk1ODAtZGRkNTQ5NmQ4ZmZiXkEyXkFqcGdeQXVyODEwMDQwNjU@._V1_.jpg"",""width"":604},""id"":""tt7538914"",""l"":""2022"",""q"":""short"",""qid'"
14,"b'"":""short"",""rank"":138864,""s"":""Dru Williams"",""y"":2009},{""i"":{""height"":500,""imageUrl"":""https://m.media-amazon.com/images/M/MV5BMTc2'"
15,"b'OTg1ODc2M15BMl5BanBnXkFtZTgwNTAxNzcwMzE@._V1_.jpg"",""width"":354},""id"":""tt1807867"",""l"":""2022 Tsunami"",""q"":""feature"",""qid"":""movie"",'"
16,"b'""rank"":51138,""s"":""Pisarn Srimunkhong, Sirinda Jensen"",""y"":2009},{""i"":{""height"":630,""imageUrl"":""https://m.media-amazon.com/images'"
17,"b'/M/MV5BZWRlODg0YTEtZTY4NS00YWQ3LWFmYmQtYzk5YThlNGRjMjE3XkEyXkFqcGdeQXVyMTEwNDU1MzEy._V1_.jpg"",""width"":1200},""id"":""tt22075596"",""l'"
18,"b'"":""American Music Awards 2022"",""q"":""TV special"",""qid"":""tvSpecial"",""rank"":23203,""s"":""Dove Cameron, Niecy Nash"",""y"":2022}],""q"":""20'"
19,"b'22"",""v"":1}'"
